build,commands,filtered_commands,runtime,audit_runtime
0,470,470,6.486947687997599,71.7304457709979
1,27,27,3.1453137639909983,3.382255525997607
2,30,30,2.9948142750072293,3.26554449100513
3,21,21,0.4067190269997809,0.5348984849988483
4,24,24,1.1648428910120856,1.356938174998504
5,24,24,1.1690724920044886,1.342280811004457
