build,commands,filtered_commands,runtime,audit_runtime
0,508,508,7.5515963200014085,30.42538657799014
1,58,58,2.0338971949968254,2.4453644739987794
2,66,66,2.7041930940031307,3.1753116740001133
3,58,58,2.5741701489896514,2.961246035003569
4,62,62,1.7110308080009418,2.111222188003012
5,58,58,0.8272451829980128,1.1824582389963325
