build,commands,runtime,db_size,cache_size,cache_count
0,193,27.00474594499974,16777216,84334433,174
1,19,4.783852786000352,16777216,115536176,182
2,20,5.778083452009014,16777216,142962092,188
3,19,5.72590831699199,16777216,174773390,196
4,21,4.487962757993955,16777216,204991646,206
5,19,3.5504877859930275,16777216,233101152,214
