build,commands,filtered_commands,runtime,audit_runtime
0,176,176,107.69905113399727,115.8905115689995
1,9,9,6.51343484899553,6.856563269000617
2,65,65,54.272609566003666,56.28798207700311
3,141,141,108.00184959400212,111.70724524000252
4,3,3,0.004276719992049038,0.016071364996605553
5,3,3,0.004292441997677088,0.0161801249923883
