build,commands,runtime,db_size,cache_size,cache_count
0,55,112.88776791399869,4194304,13963744,50
1,2,7.258554640007787,4194304,17755368,52
2,17,56.438611153003876,4194304,22322344,56
3,35,111.33237441000529,4194304,27536272,60
4,0,0.12729896399832796,4194304,27536272,60
5,0,0.12768405200040434,4194304,27536272,60
