build,commands,filtered_commands,runtime,audit_runtime
0,601,601,4.194805926992558,7.94192827999359
1,25,25,0.07929613901069388,0.16141361701011192
2,25,25,0.07919066499744076,0.16155679599614814
3,25,25,0.07929160000639968,0.16156760099693201
4,25,25,0.07906333800929133,0.1628305860067485
5,547,547,4.178094800008694,7.49952535299235
