build,commands,filtered_commands,runtime,audit_runtime
0,451,451,8.737091652001254,12.90878996399988
1,279,279,8.76361913299479,10.413747714002966
2,279,279,8.767279603998759,10.425041526992572
3,39,39,1.198149417003151,1.3626583809964359
4,39,39,0.4815637300052913,0.6398227430036059
5,15,15,0.06436334298632573,0.10922629799460992
