build,commands,runtime,db_size,cache_size,cache_count
0,135,12.174489990007714,12582912,28697537,144
1,84,11.141689676005626,12582912,53101372,246
2,84,11.133239577000495,12582912,77509384,348
3,6,2.503017473005457,12582912,82882942,355
4,6,1.774424948001979,12582912,86608255,362
5,0,0.24817797901050653,12582912,86608255,362
