build,commands,filtered_commands,runtime,audit_runtime
0,171,171,70.11917623499176,74.65543191200413
1,145,145,70.29787379399932,72.70476250399952
2,145,145,70.26851254499343,73.07378599799995
3,145,145,70.0953371939977,72.77980992601078
4,145,145,70.23163830699923,72.98366601600719
5,145,145,70.18706627300708,72.60497542799567
