build,commands,runtime,db_size,cache_size,cache_count
0,162,74.51715639000759,4194304,192269111,198
1,21,72.71040323999478,4194304,367656045,213
2,21,72.89510464698833,4194304,543081660,228
3,21,72.7926059570018,4194304,718564349,243
4,25,73.05494713000371,4194304,897310436,263
5,21,72.73313707699708,4194304,1072732495,277
